{
    "ax": [
        1706081938.966365,
        1706081938.966365,
        1706081939,
        1706081941,
        1706081942,
        1706081943,
        1706081944,
        1706081945,
        1706081946,
        1706081947,
        1706081948,
        1706081949,
        1706081950,
        1706081951,
        1706081952,
        1706081953,
        1706081954,
        1706081955,
        1706081956,
        1706081957,
        1706083065,
        1706083066,
        1706083067,
        1706083068,
        1706083069
    ],
    "ay1": [
        1,
        0,
        0,
        0,
        0,
        0,
        0,
        0,
        0,
        0,
        0,
        0,
        0,
        0,
        0,
        0,
        0,
        0,
        0,
        0,
        0,
        0,
        0,
        0,
        0
    ],
    "ay2": [
        1,
        0,
        1,
        1,
        1,
        1,
        1,
        1,
        1,
        1,
        1,
        1,
        1,
        1,
        1,
        1,
        1,
        1,
        1,
        1,
        1,
        1,
        1,
        1,
        1
    ],
    "ay3": [
        1,
        0,
        0,
        0,
        0,
        0,
        0,
        0,
        0,
        0,
        0,
        0,
        0,
        0,
        0,
        0,
        0,
        0,
        0,
        0,
        0,
        0,
        0,
        0,
        0
    ]
}